"CN_COD_CONTENIDO_CAB","CN_COD_CARRERA","CN_COD_MATERIA","CN_COD_CAMPUS","CN_BIBLIOGRAFIA_BASE","CN_BIBLIOGRAFIA_COMPLEMENTARIA"
"50","44","5791","1","[1] TANENBAUM ANDREW, “Redes de Computadores”, Séptima Edición, Pearson Educación, México, 2011.","[2] Sistema de Cableado Estructurado Nuria Olivia Alonso Alfaomega 2002"
"70","16","10635","1","Augusto",""
"71","22","5032","1","Montes Salazar, Carlos Alberto. : Control y evaluación de la gestión organizacional / Carlos Alberto Montes Salazar, Omar de Jesús Montilla Galvis [y] Eutimio Mejía Soto. Bogotá: Alfaomega Colombiana, 2014. [ISBN 978-958-682-904-5] (#000107970)","Franklin Finkowsky, Enrique Benjamín: Auditoría administrativa: evaluación y diagnóstico empresarial / Enrique Benjamín Franklin Finkowsky. México, D.F.: Pearson, 2013. [ISBN 978-607-32-1833-7] (#000096899) Murcia Cabra, Héctor H.: Auditoría administrativa. 2014. [ISBN 978-958-762-228-7] (#000124653) Instituto Mexicano de Contadores Públicos.: Boletines de auditoría integral y al desempeño / Instituto Mexicano de Contadores Públicos, Academia"
"69","16","10611","1","En Defensa de la Lectura - Augusto Rodriguez","Teorias de Comunicación - Galo Valverde"
"72","22","5061","1","LARREA, F. (2013). ELEMENTOS DEL COMERCIO INTERNACIONAL. EDITORIAL PACHECO. ","COPCI. (2011). CODIGO ORGANICO DE LA PRODUCCION E INVERSIONES. QUITO: REGISTRO OFICIAL.
ALCARAZ, E. (2007). DICCIONARIO DE COMERCIO INTERNACIONAL.
CABELLO, M. (2012). LAS ADUANAS Y EL COMERCIO INTERNACIONAL.
PUDELECO. (2013). ARANCEL INTEGRADO DE IMPORTACIONES DEL ECUADOR. QUITO: PUDELECO EDITORES S.A.
PUDELECO. (2013). CODIGO DE LA PRODUCCION Y REGLAMENTOS. QUITO: PUDELECO EDITORES S.A.
GAITAN, R. T. COMERCIO INTERNACIONAL.
HILL, C. (2011). NEGOCIOS INTERNACIONALES. MC GRAW HILL.
JEREZ, J. L. (2011). COMERCIO INTERNACIONAL.
PONCE LEIVA, J. (2005). COMERCIO EXTERIOR.
PUDELECO. (2013). INDICE ALFABETICO NANDINA COMUNIDAD ANDINA DE NACIONES. QUITO: PUDELECO EDITORES S.A.
PUDELECO. (2013). MANUAL DE IMPORTACIONES Y EXPORTACIONES DEL ECUADOR . QUITO: PUDELECO EDITORES S.A.
PUDELECO. (2013). NOTAS  EXPLICATIVAS DEL SISTEMA ARMONIZADO. QUITO: PUDELECO EDITORES S.A.
PUDELECO. (2013). REGIMEN  LEGAL ADUANERO DEL ECUADOR. QUITO: PUDELECO EDITORES S.A.
PUDELECO. (2013). REGIMEN LEGAL DE LAS IMPORTACIONES. QUITO: PUDELECO EDITORES S.A.
QUITAN, M. BALANZA DE PAGOS. QUITO: CEMLA.
VELASCO, C. (2012). REGIMEN LEGAL TRIBUTARIO EN EL ECUADOR.
"
"76","22","5215","1","[1] Cotton, D., Favley, D., & Kent, S. (2010). Intermediate Market Leader Business English Course Book. Bilboa, Spain: Pearson Mascull B (2010) Intermediate Market Leader Business English  Teacher`s Resource Book. Bilboa, Spain:  Pearson, Longman. Rogers J (2010) Intemrediate Market Business English Practice File . Slovakia: Pearson, Longman","[2] Helm,S. (2010) Accounting amd Finance Market Leader Business English. Malysia: Pearson, Longman.(3) Helm, S., & Utteridge, R. (2010) Human Resources Market Leader Business English. Slovakia:Pearson, Longman (4) O^Driscoll, N. (2010) Marketing Market Leader Business English. Slovakia: Pearson, Longman (5) Pelbeam, A. (2010) Working across cultures market leader Business English, Eslovakia: Pearson, Longman"
"77","22","5248","1","Parkin, M. (2010). Macroeconomía.Editorial Addison - Wesley. México","• Dornbusch, R. Fischer, S. (2009) Macroeconomía. Décima edición. Editorial McGraw-Hill Companies, Inc. México.
• Krugman, P.; Wells, R. (2009) Introducción a la Economía. Macroeconomía. Editorial Reverté, S.A. España.
• Larraín, F; Sachs, J. (2013). Macroeconomía en la Economía Global. Tercera edición. Editorial Pearson. Educación de Chile Ltda. www.pearsonenespanol.com/larrain_sachs.
• Michael Parkin, Economía. Decimoprimera edición. Pearson.
• Mochón, F. (2012). Macroeconomía. Aplicado a Latinoamérica. Editorial McGraw-Hill Interamericana Editores S.A. de C.V.
• Samuelson, P. (2010). Macroeconomía. Con aplicaciones en américa latina. 19 ediciones. Editorial McGraw-Hill Interamericana Editores S.A. de C.V. México.  • Mochón Morcillo, Francisco. (2006). Principios de Macroeconomía. Editorial: McGraw-Hill España. "
"73","22","5073","1","Zapata Pedro (2015), Contabilidad de Costos,segunda edición, Alfaomega. CONTABILIDAD DE COSTOS - HERRAMIENTAS PARA LA TOMA DE DECISIONES Edición 2015 de PEDRO ZAPATA,","Horngren Charles T (2012) ,Contabilidad de Costos, catorce edición, Pearson. García C. Juan(2014),Contabilidad de Costos, cuarta edición, McGraw-Hill. Cuevas Carlos (2010), Contabilidad de costos, segunda edición, Pearson"
"74","22","5074","1","Zapata Pedro (2015), Contabilidad de Costos,, segunda edición, Alfaomega","Horngren Charles T (2012) ,Contabilidad de Costos, catorce edición, Pearson. García C. Juan(2014),Contabilidad de Costos, cuarta edición, McGraw-Hill. Cuevas Carlos (2010), Contabilidad de costos, segunda edición , Pearson. Bravo Mercedes(2013), Contabilidad de Costos, tercera edición, Escobar Impresores. Gómez Oscar(2005) , Contabilidad de Costos, quinta edición, McGraw-Hill"
"75","22","5214","1","[1] Cotton, D., Favley, D., & Kent, S. (2010). Intermediate Market Leader Business English Course Book. Bilboa, Spain: Pearson Mascull B (2010) Intermediate Market Leader Business English  Teacher s Resource Book. Bilboa, Spain:  Pearson, Longman. Rogers J (2010) Intemrediate Market Business English Practice File . Slovakia: Pearson, Longman","[2] Helm,S. (2010) Accounting amd Finance Market Leader Business English. Malysia: Pearson, Longman.(3) Helm, S., & Utteridge, R. (2010) Human Resources Market Leader Business English. Slovakia:Pearson, Longman (4) O^Driscoll, N. (2010) Marketing Market Leader Business English. Slovakia: Pearson, Longman (5) Pelbeam, A. (2010) Working across cultures market leader Business English, Eslovakia: Pearson, Longman"
"22","44","5948","1","[1] TANENBAUM ANDREW, “Redes de Computadores”, Séptima Edición, Pearson Educación, México, 2011.","[2] CISCO ACADEMY, “Currículos semestre 1”, ver. 4.||[3] CISCO ACADEMY, “Guía del primer año CCNA 1 y 2”, CUARTA EDICIÓN 2010
"
"23","44","5921","1","[1] THIERRY GROUSSARD “DESARROLLO DE APLICACIONES WEB CON JEE 6” 6MA EDICIÓN / ENI EDICIONES","[1] DEITEL, PAUL J. “AJAX, RICH INTERNET APPLICATIONS Y DESARROLLO WEB PARA PROGRAMADORES” 1ERA EDICIÓN 2008 / ANAYA"
"24","44","5748","1","[1] IT Auditing Using Controls to Protect Information Assets, 2nd Edition","[2] Auditoría Informática un enfoque práctico. Mario Piattini  ||[3] Seguridad en Informática: Seguridad, Auditoría, Cortafuegos, Ingeniería Social, ISO 27000
"
"25","44","5876","1","[1] MERCADO POLO, DARWIN, HOZ FRANCO, EMIRO, “LENGUAJES FORMALES Y TEORÍA DE AUTÓMATAS FINITOS: FUNDAMENTOS PARA LA CREACIÓN DE UN TRADUCTOR”, EDITORIAL UNIVERSITARIA DE LA COSTA – EDUCOSTA, 2009

","[1] HOPCROFT, JOHN, MOTWANI, RAJEEV, ULLMAN, JEFFREY, “INTRODUCCIÓN A LA TEORÍA DE AUTÓMATAS, LENGUAJE Y COMPUTACIÓN””, ADDISON-WESLEY, 2012 ||[2] JACINTO RUÍZ CATALAN, “COMPILADORES TEORÍA DE IMPLEMENTACIÓN”, ALFAOMEGA, 2010
"
"21","44","5986","1"," [1] Servidores en linux : alta seguridad / Hegel Broy de la Cruz Paisig. Editora Macro, 2012 ||[1] TCP/IP NETWORK ADMINISTRATION. CRAIG HUNT O’REILLY & ASSOCIATES
","CISCO INTERNETWORKING BASICS."
"26","44","5965","1","Sistemas de Comunicaciones Electronicas - Wayne Tomasi - IV Edición – PEARSON","Electrónica aplicado a los Sistemas de las Comunicaciones – Frenzel - III Edición - Alfaomega
DICCIONARIO ILUSTRADO DE COMUNICACIONES - JADE CLAYTON MCGRAW-HILL
"
"27","44","6001","1","[1]  William H. Hayt, JR.., John A. Buck. Teoría Electromagnética. Octava Edición. McGraw-Hill Interamericana Editores. S.A. de C.V. 2011","[1] Sears, Zemansky, Young. Freedman. Física Universitaria Décimo primera edición.Pearson Educación. Vol 2. Doceava Edición 2009"
"28","44","5972","1","[1] TANENBAUM A., VAN STEEN M., SISTEMAS DISTRIBUIDOS, PRINCIPIOS Y PARADIGMAS, SEGUNDA EDICIÓN. PEARSON PRENTICE HALL, 2008","[1] DISTRIBUTED SYSTEMS, COULOURIS G., DOLLIMORE J., KINDBERG T. AND BLAIR G., – INTERNATIONAL EDITION, FIFTH EDITION, PEARSON HIGHER EDUCATION, 2011"
"29","44","5860","1","[1] SOMMERVILLE, IAN., “Ingeniería de Software”, 2012","[1] SWEBOK: Guide to the software engineering Body of Knowledge. IEEE Computer Society, 2004.||[2] ANSI/IEEE Standard 830-1984: Standard for Sotware Requirements Specifications. The Instritute of Electrical and Electronic Engineers, New York, 1984.||[3] ANSI/IEEE Standard 829-1983: IEEE Standard for Software Test Documentation. The Institue of Electrical and Electronic Engineers, New York, 1987.||[4] ANSI/IEEE Standard 1016-198: IEEE Recommended Practice for Software Design Descriptions. The Institute of Electrical and Electronic Engineers, New York, 1987
"
"30","44","5777","1","[1] PIATTINI, M., GARCÍA, F. O., DE GUZMÁN, I. G. R., & PINO, F. (2011). CALIDAD DE SISTEMAS DE INFORMACIÓN. ALFA Y OMEGA.","[1] CONTROL INTERNO Y SISTEMA DE GESTIÓN DE CALIDAD: GUÍA PARA SU IMPLEMENTACIÓN EN EMPRESAS PÚBLICAS Y PRIVADAS / ALEJANDRO TADEO ISAZA SERRANO. NÚMERO DE SISTEMA BIBLIOTECA VIRTUAL, 2012.: 000096431||[2] CONTROL ESTADÍSTICO DE CALIDAD Y SEIS SIGMA. : HUMBERTO GUTIERREZ PULIDO; ROMÁN DE LA VARA SALAZAR. NÚMERO DE SISTEMA BIBLIOTECA VIRTUAL, 2009.:  00008122||[3] CALIDAD EN EL DESARROLLO DE SOFTWARE – GUILLERMO PANTALEO – E-LIBROS
"
"31","44","5840","1","[1] KAPLAN Y NORTON, “The Execution Premium”, Harvard Business Review, 2010.","[2] PORTER MICHAEL, “Ventaja Competitiva”, Pirámide, 2010, Madrid.||[3] KAPLAN Y NORTON, “Cuadro de Mando Integral”, Gestión 2000, 2002.
"
"32","44","5966","1","[1] TOMASI WAYNE, “Sistemas de Comunicaciones Electrónicas”, Segunda Edición, Editorial Prentice Hall Hispanoamericana, México, 1996","[2] VARIOS AUTORES, “Sistemas de comunicaciones celulares: presente y futuro”, IEEE Ecuador, Quito, 2003."
"33","44","5949","1","",""
"36","44","6019","1","",""
"37","44","5933","1","[1]  PMBOK CUARTA EDICIÓN, PROJECT MANAGEMENT INSTITUTE INC., 2008.||[2] CAPERS JONES, ESTIMACIÓN DE COSTOS Y ADMINISTRACIÓN DE PROYECTOS DE SOFTWARE, MC GRAW HILL, 2008
","[1] ROGER PRESSMAN, INGENIERÍA DE SOFTWARE, MC GRAW HILL, 2010||[2] FUTRELL, SHAFER Y SHAFER, QUALITY SOFTWARE PROJECT MANAGEMENT, PRENTICE HALL, 2002||[3] ANDY CROW, THE PMP EXAM, VELOCITEACH, 2005||[4] NORMA IEEE 830||[5] NORMA ISO 9126
"
"38","44","5830","1","1] VAN DUSHMANFRED, COMPENDIO DE MÉTRICAS DE TECNOLOGÍA DE INFORMACIÓN, SPLINGER, 2008","[1] PIATTINI MARIO, CALIDAD DE SISTEMAS INFORMÁTICOS, 2007.||[2] SOLÌS GUSTAVO ADOLFO, REINGENIERÍA DE LA AUDITORÍA INFORMÁTICA||[3] PIATTINI MARIO, AUDITORÍA INFORMÁTICA.
"
"39","44","5977","1","[1]  STUART RUSSELL, PETER NORVING (2009), PRENTICE HALL, 3RA EDICIÓN, INTELIGENCIA ARTIFICIAL UN ENFOQUE MODERNO 2009","[1]  PEDRO POMA CRUZ, ALFAOMEGA GRUPO EDITOR SA, INTELIGENCIA ARTIFICIAL, UNA APLICACIÓN A LA INGENIERÍA, 2010.
[2] JOSHEP GIARRATANO, GARY RILEY, SISTEMAS EXPERTOS PRINCIPIOS Y PROGRAMACIÓN. INTERNACIONAL THOMPSON, 2008.
[3]  BIBLIOTECHNIA, AUTOR: RUSSELL, STUART J. EDITORIAL: PEARSON EDUCACIÓN  ISBN: 9788420540030L, TITULO: INTELIGENCIA ARTIFICIAL.
"
"40","44","5867","1","[1] Setphen Lucci, Danni Kopec. Artificial Intelligence in the 21st Century. Mercury Learning, 2013 (ISBN: 1936420236, ISBN-13: 9781936420230).","[2] Timothy J. Ross. Fuzzy Logic with Engineering Applications, 3rd Edition. 2010 (ISBN: 978-0-470-74376-8)."
"41","44","5747","1","[1]  JAMES KEERON, KEITH W. ROSS,QUINTA EDICIÓN, PEARSON EDUCACIÓN, REDES DE COMPUTADORAS UN ENFOQUE DESCENDENTE  2010","[1]  JAVIER ANDRÉS ALONSO, 1RA. EDICIÓN ALFAOMEGA, GRUPO EDITOR, MEXICO, REDES PRIVADAS VIRTUALES, 2009. ||[2] ERNESTO ARIGANELLO, ENRIQUE BARRIENTOS SEVILLA, SEGUNDA EDICIÓN, REDES CISCO CCNP A FONDO GUIA DE ESTUDIO PARA PROFESIONALES, 2010.||[3] DIANA TEARE, GIDE 2010, CISCO SYSTEM. INC. , IMPLEMENTACIÓN CISCO IP ROUTING (ROUTE) FOUNDATION LEARNING
"
"42","44","5861","1","[1] PERFORMANCE MODELING AND DESIGN OF COMPUTER SYSTEMS: QUEUEING THEORY IN ACTION, Cambridge University Press; 1 edition (February 18, 2013), ISBN-13: 978-1107027503","[1] REDES E INTERNET DE ALTA VELOCIDAD – Stallings William, PEARSON PRENTICE HALL, 2Edición, 2004. ISBN 84-205-3921"
"43","44","5822","1","[1] TOMASI WAYNE, “Sistemas de Comunicaciones Electrónicas”, Segunda Edición, Editorial Prentice Hall Hispanoamericana, México, 1996.","[2] LAPATINE SOL, “Electrónica en Sistemas de Comunicación”, Limusa, México, 1996.||[3]  STALLINGS “Comunicaciones Y Redes De Computadoras” Editorial Prentice Hall Hispanoamericana, México, 1996.
"
"44","44","5951","1","[1]  Fundamentos de Redes Inalámbricas - CISCO SYSTEMS - 1ra Edición 2009 – PEARSON","[2]  “Redes de Computadores” - TANENBAUM ANDREW - Cuarta Edición 2003 - PEARSON"
"45","44","5841","1","[1] VAN GREMBERGEM, WIM, DE HAES, “Enterprise Governance of Information Technology, Achieving Strategic Alignment and Value”, Springer, 2009.

","[2] KOEN BRAND Y HARRY BOONEN, “It Governance with Cobit 4.1 – A Management Guide”, Van Haren Publishing, 2005.||[3] Norma IEEE 38500||[4] THOMAS ERL, “Service-Oriented Architecture: Concepts, Technology, and Design”, Prentice Hall, 2005.||[5] HELLRIEGEL, JACKSON, SLOCUM, “Administración. Un enfoque basado en competencias”, Novena Edición, 2009.
"
"68","44","5912","1","[1] R. E. Walpole [et al.]. Probabilidad y estadística para ingeniería y ciencias, Editorial Pearson, Novena edición, México, 2012.","[2] J. L. Devore., Probabilidad y estadística para ingeniería y ciencias, Editorial Cengage Learning, Octava||[3] S. Murray [et al.]. Probabilidad y Estadística, Editorial McGraw Hill, Tercera edición, México, 2010."
"61","44","5829","1","[1] SAVATER, FERNANDO, ¿Ética para Amador¿, Editorial Ariel S.A., Barcelona, 2000.","[2] SAAVERDRA, ALEJANDRO, ¿Formación de la Conciencia en Valores¿, 2a. Edición, Marzo, 2001.||[3] DUSSEL, ENRIQUE, ¿Ética Comunitaria¿, EDICAY, Ediciones Cristianas del Azuay, Cuenca, 1986.||[4] HORTELANO, ANTONIO, ¿Moral Alternativa: Manual de Teología Moral¿, San Pablo, Madrid, 1998.||[5] GAFO, JAVIER, ¿Problemas Éticos de la Manipulación Genética||[6] GONZÁLEZ, ÁLVAREZ, ¿Ética Latinoamericana"
"62","44","5833","1","[1] R.A. Serway, C. Vuille, Fundamentos de Física, Vol. I, Editorial Cengage Learning, Novena edición, México, 2013.","[2] R.A. Freedman, H.D. Young, Sears y Zemansky Física Universitaria, Vol. I,Editorial Pearson, Décimo tercera edición, México, 2013."
"66","44","5989","1","[1] C. Bernal, ""Metodología De La Investigación"", Pearson, 3da. Edición, México, 2010.","[2] M. T. Cortés, Metodología De La Investigación. México: Trillas, 2012.||[3] R. Hernández; C. Fernández, ""Metodología De La Investigación"", Editorial McGraw Hill, Colombia, 2010.||[4] Autores Varios, Investigación, Ciencia Y Tecnología, Quito: Abya-Yala, 2009."
"67","44","5988","1","[1] J. A. Forzán Gómez, Manual de Expresión Oral, Limusa, 2010","[2] J. Reyero, Hablar Para Convencer, Pearson, 2010||[3] G. Guerrero, Expresión Oral y Escrita. Loja, Ecuador: Ediloja, 2009||[4] M. Fonseca Yerena, Comunicación Oral Y Escrita. Editorial Pearson. 2011"
"65","44","5908","1","",""
"64","44","5900","1","[1] S. C. Chapra., Métodos Numéricos para ingenieros, Editorial McGraw Hill, Sexta edición, 2011.","[2] R.L. Burden; D. Faires Análisis numérico, Editorial Cengage Learning, Novena edición, México, 2011.||[3] C. Gerald; P.O. Wheatley., Análisis Numérico con aplicaciones, Editorial Pearson Educación, Sexta Edición, México, 2000.||[4] J. H. Mathews; K. D. Fink., Métodos numéricos con matlab, Editorial Prentice Hall, Tercera edición, Barcelona, 2000."
"60","44","5824","1","""Quito

Texto guía:

SILVA, Medardo (2008). Espiritualidad Juvenil Salesiana

Textos básicos

ARIAS, J. (2011). Curso de espiritualidad cristiana. Quito: Verbo Divino
Busca conocer y comprender la experiencia de los cristianos en América Latina como fruto de la presencia y acción del Espíritu Santo que
impulsa al pueblo de Dios a discernir en la historia los signos de los tiempos y a descubrir en todos los órdenes de la vida el plan de Dios y sus interpelaciones.||PERAZA, F. (2010). Sistema Preventivo de Don Bosco. Pedagogía nacida de la vida para la vida. Quito: CSR ||UNDA, R. (2010). Jóvenes y Juventudes, Quito: Abya-Yala||CASALDALIGA, P. (ed. actual) Espiritualidad de la liberación.
CASALDALIGA, P. (ed. actual) Nuestra espiritualidad||PERAZA, F. (2011). Memorias del Oratorio de San Francisco de Sales. Ecuador: Inspectoría Salesiana """"sagrado Corazón de Jesús""""||KEENE, M. (2003). Religiones del mundo. Madrid: Santillana.
LENAERES, R. (2008). Otro cristianismo es posible. Fe en lenguaje de modernidad. Quito: Abya-Yala ||Se ha producido un cambio de época. El ser humano ha descubierto la autonomía del cosmos, y con ello, su propia autonomía. Y la doctrina de la fe toda entera, construida como estaba sobre el axioma de la heteronomía, perdió su validez. Intenta formular el mismo mensaje de antes pero en el lenguaje de hoy.||SHELBY, S. John (2011). Un cristianismo nuevo para un mundo nuevo. Por qué la fe tradicional está muriendo y cómo una nueva fe está naciendo. Quito: Abya-Yala,||Este libro constituye una excelente introducción -clara, suave, razonada, pedagógica, bastante completa, y realmente radical- al nuevo y antiguo """"paradigma pos-teísta"""" que nos visita de nuevo, y que quizá esta vez viene ya para quedarse.||Cuenca
Texto guía:
SILVA, Medardo (2008). Espiritualidad Juvenil Salesiana||Textos básicos ARIAS, J. (2011). Curso de espiritualidad cristiana. Quito: Verbo Divino Busca conocer y comprender la experiencia de los cristianos en América Latina como fruto de la presencia y acción del Espíritu Santo que impulsa al pueblo de Dios a discernir en la historia los signos de los tiempos y a descubrir en todos los órdenes de la vida el plan de Dios y sus interpelaciones.||LENAERES, R. (2008). Otro cristianismo es posible. Fe en lenguaje de modernidad. ||Quito: Abya-Yala Se ha producido un cambio de época. El ser humano ha descubierto la autonomía del cosmos, y con ello, su propia autonomía. Y la doctrina de la fe toda entera, construida como estaba sobre el axioma de la heteronomía, perdió su validez. Intenta formular el mismo mensaje de antes pero en el lenguaje de hoy.||SHELBY, S. John (2011). Un cristianismo nuevo para un mundo nuevo. Por qué la fe tradicional está muriendo y cómo una nueva fe está naciendo. ||Quito: Abya-Yala,
Este libro constituye una excelente introducción -clara, suave, razonada, pedagógica, bastante completa, y realmente radical- al nuevo y antiguo""""paradigma pos-teísta"""" que nos visita de nuevo, y que quizá esta vez viene ya para quedarse.||UPS. OBSERVATORIO DE LA JUVENTUD (2008) Realidad de la juventud ecuatoriana. Cuenca: UPS.
El texto habla de la juventud y de todas las dimensiones sociales que abarca esta compleja etapa de la vida, por lo que es necesario interpretar y entender
en totalidad sus expresiones en un espacio y tiempo determinado, sus manifestaciones en el momento de desarrollar una socialización.
||Guayaquil
Texto guía:
SILVA, Medardo (2008). Espiritualidad Juvenil Salesiana||
Textos complementarios
MASFERRER, E. (2002). Religión y postmodernidad: Las recientes alteraciones del campo religioso Ecuador: Abya-Yala||RUSSELL, B. (2009). Por qué no soy cristiano y otros ensayos. España: Editorial: Hispano Americana, S.A.||GARCÍA, F. (2011). Jesús, el Cristo siempre vivo. España: Claretiana||LENTI, A. (2011). Don Bosco: historia y carisma 2; Expansión: de Valdocco a Roma España: CCS""",""
"1","44","5869","1","[1] Afinson, D.,  Quamme, K. (2009). Fundamentos de la tecnología de la información: Hardware y Software para PC (2da edición). PEARSON.","[2] Pareja, C., Andeiro, A., Ojeda M. (2012). Introducción a la Informática (1era edición) COMPLUTENSE. "
"17","44","5755","1","[1] MANNINO MICHAEL, “ADMINISTRACIÓN DE BASES DE DATOS”, MCGRAW-HILL, 2007","[1] RICARDO CATHERINE M. “Base de Datos”, McGraw-Hill, 2009"
"18","44","5970","1","[1] KENDALL & KENDALL, “ANÁLISIS Y DISEÑO DE SISTEMAS”, 2011","[1] KENDALL, KENNETH E. “SISTEMAS DE INFORMACIÓN: FUNDAMENTOS Y ANÁLISIS”.   MÉXICO: PEARSON EDUCACIÓN, 2010.
||[2] FONTELA, CARLOS.  “UML, MODELADO DE SOFTWARE PARA PROFESIONALES”.  ARGENTINA 2011
||[3] PODESWA, HOWARD.  “UML”.  MADRID : ANAYA, 2010
||[4] LAUDON, KENNETH C.  “SISTEMAS DE INFORMACIÓN GERENCIAL”.  MÉXICO PEARSON  EDUCACIÓN.  2012
||[5] JOYANES AGUILAR, LUIS; ZAHONERO MARTÍNEZ, IGNACIO. “PROGRAMACIÓN EN C, C++,  JAVA Y UML”.  , MÉXICO : MCGRAW-HILL, 2010
||[6] SAWYER MCFARLAND, DAVID. “CSS” , MADRID: ANAYA MULTIMEDIA, 2010.
||[7] HERRERA RÍOS, EMMANUEL.  “ARRANCAR CON HTML5: CURSO DE PROGRAMACIÓN”.  MÉXICO D.F. ALFAOMEGA GRUPO EDITOR.  2012
[8] SCHAFER, STEVEN M.  “HTML, XHTML Y CSS”. MADRID: ANAYA MULTIMEDIA, 2010.
[9] SCHULZ, RALPH G. “DISEÑO WEB CON CSS”.  MÉXICO : ALFAOMEGA, MARCOMBO, 2009.
[10] LÓPEZ QUIJANO, JOSÉ.  “DOMINE HTML5 Y CSS 2”.  MÉXICO.   2012
"
"19","44","5781","1","[1] G. Bilbao; X. Fuentes; J. Guibert, Ética para Ingenieros, Descleé de Br Bilbao, 2006","[2] O. Guariglia, (2008) Moralidad. Ética Universitaria y Sujeto Moral. Fondo de Cultura Económica. Argentina 2da. Edición
||[3] A. Hortal, (2002) """"Ética de las profesiones"""", Desciée de Brouwer, Bilbao ||[4] M. Pritchard; M. Rabins; R. James; E. Englehardt, (2013) “Ethical, Legal, and Professional Issues in Counseling”, 4ta Edition
"
"20","44","5734","1"," [1] ARAUJO ARÉVALO, DAVID, """"  PROYECTOS DE INVERSIÓN """" 2012","[1] HERNÁNDEZ SÁNCHEZ, JOSÉ MIGUEL , """"GERENCIA DE PROYECTOS CON PROJECT 2010"""""
"48","44","5868","1","[1] Setphen Lucci, Danni Kopec. Artificial Intelligence in the 21st Century. Mercury Learning, 2013 (ISBN: 1936420236, ISBN-13: 9781936420230).","[2] FORSYTH D., and PONCE J., “Computer Vision: A modern approach”, Second Edition, Pearson, 2012.||[3] Gonzalo Pajares Martin-Sanz, “Visión por computador: Imágenes digitales y aplicaciones”, Segunda Edición, Editorial: Rama, 2008
"
"51","44","5745","1","[1] ESCUELA POLITÉCNICA SUPERIOR DE LINARES, Aplicaciones Telemáticas, http://www.ujaen.es/serv/sga/documentos/programas/200506/epsl/5199/51996928.pdf.","[2] KUROSE JAMES, “Redes de Computadores. Un enfoque descendente basado en Internet”. Editorial ADDISON-WESLEY, 2004"
"52","44","5952","1","[1] BOGDAN M. WILAMOWSKI, J. DAVID IRWIN Industrial communications systems : the industrial electronics handbook  New York : CRC Press, 2011.","[1]  Fundamentos de Redes Inalámbricas - CISCO SYSTEMS - 1ra Edición 2009 – PEARSON||[2] TANENBAUM ANDREW, “Redes de Computadores”, Cuarta Edición, Pearson Educación, México, 2003.||[3] CARLOS ROSADO Comunicación por satélite: principios, tecnología y sistemas. 2da Edición Limusa 2008 México
"
"53","44","5959","1","[1] Implementing cisco ios network security IINS, Ciscopress 2013","[2] ISACA (Implementing and Continually Improving IT Governace, 2009"
"54","44","5942","1","[1] Sistemas de Comunicaciones Electrónicas - Wayne Tomasi - IV Edición – PEARSON","[2] CONCEPTOS SOBRE MULTIPLEXACION SDH - COSIMO MANCINI (SIEMENS)||[3] COMUNICACIONES Y REDES DE COMPUTADORAS - WILLIANS STALLINGS
"
"35","44","5744","1","[1] ERIC JENDROCK, RICARDO CERVERA-NAVARRO , “The Java EE 6 Tutorial: Advanced Topics (4th Edition)”, Enero 2013","[1] Java Web Services: Up and Running, 1st Edition by Martin Kalin Publisher: O Reilly Media,
Inc.Pub Date: February 15, 2009 Print ISBN-13: 978-0-596-52112-7||[2]  RESTful Web Services Cookbook, Subbu Allamaraju, O Reilly Media, 2010."
"55","44","5736","1","[1] S. I. Grossman, J. J Flores., Algebra Lineal, Editorial McGraw Hill, Séptima edición, México, 2012.","[2] B. Kolman, D. Hill., Algebra Lineal: Fundamentos y Aplicaciones, Editorial Pearson, Primera edición, Colombia, 2013."
"58","44","5758","1","[1] J. Stewart, Cálculo de Una Variable "" Trascendentes tempranas, Editorial Cengage Learning, Séptima edición, México, 2012.","[2] G. Thomas, Cálculo: Una Variable, Editorial Prentice Hall Pearson Educación, Doceava edición, México, 2010."
"59","44","5799","1","[1] TANENBAUM ANDREW, ""Redes de Computadores"", Séptima Edición, Pearson Educación, México, 2011.","[2] Sistema de Cableado Estructurado Nuria Olivia Alonso Alfaomega 2002"
"56","44","5743","1","",""
"57","44","5756","1","[1] J. Stewart, Cálculo de Una Variable - Trascendentes tempranas, Editorial Cengage Learning, Séptima edición, México, 2012.","[2] A. Aguilar, [et al.]. Geometría, Trigonometría y Geometría analítica, Editorial Pearson Prentice Hall, Primera edición, México, 2010.||[3] G. Thomas, Cálculo: Una Variable, Editorial Prentice Hall Pearson Educación, Doceava edición, México, 2010"
"2","44","6016","1","[1.] M. S. Ortiz, A. M. Plaza, Programación orientada a objetos con Java y UML, 1raed. Cuenca: Abya-Yala, 2013.","[1.]  P. J. Deitel, H. M. Deitel,  Cómo programar en Java, 9na ed.México: Pearson Educación, 2012."
"3","44","6017","1","[1] ORTIZ M., PLAZA A., “PROGRAMACIÓN ORIENTADA A OBJETOS CON JAVA Y UML”,  2013","[2] DEITEL, P.,  DEITEL H., “CÓMO PROGRAMAR EN JAVA (9NA EDICIÓN)”. PEARSON, 2012"
"4","44","5828","1","[1] JOYANES A, L.,  (2007). ESTRUCTURA DE DATOS EN JAVA (2DA EDICIÓN). MCGRAW HILL.",""
"5","44","5816","1","[1] Boylestad, Robert L.  """"Introducción al análisis de circuitos """", 2011","[1] JOSEPH A. EDMINISTER. “Circuitos Eléctricos”, Tercera edición, Mc Graw Hill.
[2] GTZ. Electrotecnia Curso Elemental.
"
"6","44","5924","1","[1] ORTIZ M., PLAZA A., “PROGRAMACIÓN ORIENTADA A OBJETOS CON JAVA Y UML”,  2013","[2] DEITEL, P.,  DEITEL H.,  (2012). CÓMO PROGRAMAR EN JAVA (9NA EDICIÓN). PEARSON."
"7","44","5808","1","[1] Boylestad, Robert L., “Electrónica: Teoría de Circuitos”, 2009","[2] Floyd, Thomas L., """"Dispositivos Electrónicos"""", 2008
[3] Malvino, Albert Paul, """"Principios de Electrónica"""", 2007"
"11","44","5815","1","[1] Ronal J. Tocci, (2010). “Digital Systems: Principles and Applications”, Editorial Prentice Hall, Edición 11ava.","[2] Acha Alegre, Santiago, “Electrónica Digital”, Editorial Alfaomega, 2da Edición, 2010.
[3]García Sevilla, Francisco, “Electrónica Digital”, Editorial Alfaomega, 2da Edición, 2010.
[4] Villaseñor Gómez, Jorge, “Circuitos eléctricos y aplicaciones digitales”, Editorial Pearson, Edición 2013.
"
"8","44","5753","1","H. Korth, A. Silberschatz y S. Sudarshan, Fundamentos de diseño de bases de datos, Quinta ed., Madrid: McGraw-Hill Interamericana de España, 2007. ","[1]  D. M. Kroenke, Procesamiento de Bases de Datos: Fundamentos, Diseño e Implementación, Octava ed., México: Pearson Education, 2003, p. 688.||[2]  R. Ramakrishnan y J. Gehrke, Sistema de gestión de base de datos, Madrid: McGraw-Hill, 2007.
"
"9","44","5981","1","[1] TANENBAUM, ANDREW.  SISTEMAS OPERATIVOS MODERNOS. PEARSON PRENTICE HALL, 2009","[1] J. CARRETERO, P. DE MIGUEL, F. GARCÍA Y F. SISTEMAS OPERATIVOS: UNA VISIÓN APLICADA. PÉREZ. MCGRAW-HILL, 2001 PRIMERA ED.)||[2]  J. CARRETERO, F. GARCÍA Y F. PÉREZ. PRÁCTICAS DE SISTEMAS OPERATIVOS: DE LA BASE AL DISEÑO. MCGRAW-HILL, 2002 (PRIMERA ED.)||[3]  F. PÉREZ, J. CARRETERO Y F. GARCÍA. PROBLEMAS DE SISTEMAS OPERATIVOS: DE LA BASE AL DISEÑO. MCGRAW-HILL, 2003 (PRIMERA ED.)||[4] MANUALES DE ADMINISTRACIÓN DE LINUX
"
"12","44","5754","1","[1]  H. Korth, A. Silberschatz y S. Sudarshan, Fundamentos de diseño de bases de datos, Quinta ed., Madrid: McGraw-Hill Interamericana de España, 2007. ","[1]  Teaching soft group, Oracle 11g. Curso Práctico, México: Alfaomega Grupo Editor, 2011. ||[2]  B. Lakshman, Oracle embedded programming and application development, New York: CRC Press, 2011. ||[3]  D. Cuadra, Desarrollo de bases de datos: casos prácticos desde el análisis a la implementación, México: Alfaomega, 2008.
"
"13","44","5982","1","[1] SISTEMAS OPERATIVOS MODERNOS. TANENBAUM, ANDREW.  PEARSON PRENTICE HALL, 2009","[1] MANUALES DE ADMINISTRACIÓN DE LINUX"
"14","44","5969","1","[1] KENDALL & KENDALL, “ANÁLISIS Y DISEÑO DE SISTEMAS”, 2011.","[1] PRESSMAN, ROGER S. “INGENIERÍA DEL SOFTWARE: UN ENFOQUE PRÁCTICO” MÉXICO : MCGRAW-HILL, 2010  ||[2] DEITEL, PAUL J.; DEITEL, HARVEY M. “PROGRAMACIÓN INTERMEDIA EN JAVA” MÉXICO : PEARSON EDUCACIÓN, UNED, 2010.||[3] ROLDÁN MARTÍNEZ, DAVID.  “APLICACIONES WEB: UN ENFOQUE PRÁCTICO”.    MÉXICO, : ALFAOMEGA RA-MA, 2009.||[4] ROZANKI, UWE.  “ENTERPRISE JAVABEANS 3.0 CON ECLIPSE Y JBOSS : LIBRO PRÁCTICO Y REFERENCIAS”.  MÉXICO : ALFAOMEGA MARCOMBO, 2009.||[5]  PIATTINI VELTHUIS, MARIO.  “AUDITORÍA DE TECNOLOGÍAS Y SISTEMAS DE INFORMACIÓN”  MÉXICO.  ALFAOMEGA RA-MA, 2008||[6] SAWYER MCFARLAND, DAVID. “CSS” , MADRID: ANAYA MULTIMEDIA, 2010. ||[7] SCHAFER, STEVEN M.  “HTML, XHTML Y CSS”. MADRID: ANAYA MULTIMEDIA, 2010.
"
"15","44","5746","1","[1] WILLIAM STALLING, “Organización y Arquitectura de Computadores”. La última edición en español actualizada (al 2013 la 7ma edición)","[2] JESÚS CARRETERO PÉREZ, FÉLIX GARCÍA CARBALLEIRA, FERNANDO PÉRES COSTOYA. ""PRÁCTICAS DE SISTEMAS OPERATIVOS: DE LA BASE AL DISEÑO""  MC GRAW HILL, 2002, ESPAÑA"
"16","44","5947","1","[1] TANENBAUM ANDREW, “Redes de Computadores”, Séptima Edición, Pearson Educación, México, 2011.","[2] CISCO ACADEMY, “Currículos semestre 1”, ver. 4.||[3] CISCO ACADEMY, “Guía del primer año CCNA 1 y 2”, CUARTA EDICIÓN 2010
"
